{"cameraMode":{"drawMode":0,"name":"Shaded","section":"Shading Mode"},"sceneLighting":true,"audioPlay":false,"sceneViewState":{"showFog":true,"showMaterialUpdate":false,"showSkybox":true,"showFlares":true,"showImageEffects":true,"showParticleSystems":true},"in2DMode":false,"pivot":{"x":0.684196949005127,"y":2.6278440952301027,"z":2.6132302284240724},"rotation":{"x":0.1429857611656189,"y":-0.6869138479232788,"z":0.14059889316558839,"w":0.6985436081886292},"size":4.212707042694092,"orthographic":false}