{"cameraMode":{"drawMode":0,"name":"Shaded","section":"Shading Mode"},"sceneLighting":true,"audioPlay":false,"sceneViewState":{"showFog":true,"showMaterialUpdate":false,"showSkybox":true,"showFlares":true,"showImageEffects":true,"showParticleSystems":true},"in2DMode":false,"pivot":{"x":1.756984829902649,"y":1.790113091468811,"z":1.2446955442428589},"rotation":{"x":0.147825688123703,"y":-0.6829119324684143,"z":0.14405275881290437,"w":0.7007535099983215},"size":3.4590325355529787,"orthographic":false}