{"cameraMode":{"drawMode":0,"name":"Shaded","section":"Shading Mode"},"sceneLighting":true,"audioPlay":false,"sceneViewState":{"showFog":true,"showMaterialUpdate":false,"showSkybox":true,"showFlares":true,"showImageEffects":true,"showParticleSystems":true},"in2DMode":false,"pivot":{"x":3.3525447845458986,"y":0.05606365203857422,"z":7.956353187561035},"rotation":{"x":-0.08399493247270584,"y":0.9152122735977173,"z":-0.2580379843711853,"w":-0.29791682958602908},"size":39.421913146972659,"orthographic":false}